{
    "$schema": "https://schema.management.azure.com/schemas/2015-01-01/deploymentParameters.json#",
    "contentVersion": "1.0.0.0",
    "parameters": {
        "accounts_iotdla7d358050_defaultDataLakeStoreAccount": {
            "value": null
        },
        "accounts_iotdla7d358050_dataLakeStoreAccounts": {
            "value": null
        },
        "sites_iotfunc7d358050_name": {
            "value": null
        },
        "serverfarms_WestUSPlan_name": {
            "value": null
        },
        "IotHubs_iot_hub_7D358050_name": {
            "value": null
        },
        "accounts_iotdls7d358050_name": {
            "value": null
        },
        "storageAccounts_iotfunc7d358050_name": {
            "value": null
        },
        "accounts_iotdla7d358050_name": {
            "value": null
        },
        "streamingjobs_iot_asa_7D358050_name": {
            "value": null
        },
        "databaseAccounts_iot_cosmos_7d358050_name": {
            "value": null
        },
        "environments_iot_tsi_7D358050_name": {
            "value": null
        },
        "actionGroups_Application%20Insights%20Smart%20Detection_name": {
            "value": null
        }
    }
}